{
	"en": {
		"SKILL_NAME": "Mesquite Tree",
		"HEADER_TITLE": "Welcome to {}",
		"RECIPE_HEADER_TITLE": "Display {}",
		"HELP_HEADER_TITLE": "HELP",
		"HELP_HEADER_SUBTITLE": "Select a photo",
		"WELCOME_MESSAGE": "Welcome to {}. You can ask a question like, what's the information for {}? ... Now, what information would you like?",
		"WELCOME_REPROMPT": "For instructions on what you can say, please say help me.  What information would you like?",
		"DISPLAY_CARD_TITLE": "{}  - Display for {}",
		"HELP_MESSAGE": "You can ask questions such as, what's the information for {}, or, you can say exit ... Now, what information would you like?",
		"HELP_REPROMPT": "You can say things like, what's the information for {}, or you can say exit ... Now, what information would you like?",
		"STOP_MESSAGE": "Goodbye!",
		"RECIPE_REPEAT_MESSAGE": "Try saying repeat.",
		"RECIPE_NOT_FOUND_WITH_ITEM_NAME": "I'm sorry, I currently do not know the information for {}. Which information would you like?",
		"RECIPE_NOT_FOUND_WITHOUT_ITEM_NAME": "I'm sorry, I currently do not know that information. Which information would you like?",
		"RECIPE_NOT_FOUND_REPROMPT": "Which sauce would you like to prepare?",
		"ERROR_MESSAGE": "I'm sorry I didn't catch that. Can you reformulate please ?",
		"HINT_TEMPLATE": "What is a {}?"
	},
	"it-IT": {
		"SKILL_NAME": "Re delle salse",
		"HEADER_TITLE": "Benvenuti al {}",
		"RECIPE_HEADER_TITLE": "COME FARE SALSA {}",
		"HELP_HEADER_TITLE": "AIUTO",
		"HELP_HEADER_SUBTITLE": "Seleziona la salsa che vuoi preparare",
		"WELCOME_MESSAGE": "Benvenuti al {}. Puoi farmi una domanda come, 'Qual è la ricetta della salsa {}?' ... Bene, che salsa vuoi preparare?",
		"WELCOME_REPROMPT": "Se hai bisogno di informazioni su come usare la skill, dí aiuto.  Che salsa vuoi preparare?",
		"DISPLAY_CARD_TITLE": "{}  - Ricetta di {}",
		"HELP_MESSAGE": "Puoi farmi una domanda come, 'Qual è la ricetta della salsa {}?', o, puoi dire esci ... Che salsa vuoi preparare?",
		"HELP_REPROMPT": "Puoi dirmi qualcosa come ad esempio, 'qual è la ricetta della salsa {}?', o, puoi dire esci ... Che salsa vuoi preparare?",
		"STOP_MESSAGE": "A presto!",
		"RECIPE_REPEAT_MESSAGE": "Prova a dire Ripeti.",
		"RECIPE_NOT_FOUND_WITH_ITEM_NAME": "Mi dispiace, Al momento non conosco la ricetta di {}. Che salsa vuoi preparare?",
		"RECIPE_NOT_FOUND_WITHOUT_ITEM_NAME": "Mi dispiace, ancora non conosco questa ricetta. Che salsa vuoi preparare?",
		"RECIPE_NOT_FOUND_REPROMPT": "Che salsa vuoi preparare?",
		"ERROR_MESSAGE": "Non so cosa sia successo. Per favore riprova.",
		"HINT_TEMPLATE": "Come posso fare la salsa {}?"
	},
	"fr": {
		"SKILL_NAME": "Le Roi des Sauces",
		"HEADER_TITLE": "Bienvenue chez {}",
		"RECIPE_HEADER_TITLE": "PREPARATION POUR SAUCE {}",
		"HELP_HEADER_TITLE": "AIDE",
		"HELP_HEADER_SUBTITLE": "Sélectionnez la sauce que vous souhaitez cuisiner",
		"WELCOME_MESSAGE": "Bienvenue chez {}. Je vous accompagne dans la conception de vos sauces culinaires. Pour me demander la recette d'une sauce, il suffit de me dire par exemple 'Quelle est la recette de la sauce {}?' ... Quelle sauce souhaitez-vous cuisiner?",
		"WELCOME_REPROMPT": "Quelle sauce souhaitez-vous cuisiner?",
		"DISPLAY_CARD_TITLE": "{}  - Recette {}",
		"HELP_MESSAGE": "Dites-moi la sauce que vous voulez cuisinez et je vous donnerai la recette. Vous pouvez me poser des questions comme par exemple 'Quelle est la recette de la sauce {}?' ... Quelle sauce souhaitez-vous cuisiner?",
		"HELP_REPROMPT": "Vous pouvez me poser des questions comme par exemple 'Quelle est la recette de la sauce {}?' ... Quelle sauce souhaitez-vous cuisiner?",
		"STOP_MESSAGE": "Au revoir!",
		"RECIPE_REPEAT_MESSAGE": "Dites 'Répétez' pour que je relise la recette.",
		"RECIPE_NOT_FOUND_WITH_ITEM_NAME": "Désolé, je ne connais pas encore la recette de la sauce {}. Quelle autre sauce souhaitez-vous cuisiner?",
		"RECIPE_NOT_FOUND_WITHOUT_ITEM_NAME": "Désolé, je ne connais pas encore cette recette. Quelle autre sauce souhaitez-vous cuisiner?",
		"RECIPE_NOT_FOUND_REPROMPT": "Quelle autre sauce souhaitez-vous cuisiner?",
		"ERROR_MESSAGE": "Désolé, je n'ai pas compris. Pouvez-vous reformulez s'il vous plait ?",
		"HINT_TEMPLATE": "quelle est la recette de la sauce {}?"
	},
	"pt": {
		"SKILL_NAME": "Mestre dos Molhos",
		"HEADER_TITLE": "Boas vindas ao {}",
		"RECIPE_HEADER_TITLE": "COMO FAZER MOLHO {}",
		"HELP_HEADER_TITLE": "AJUDA",
		"HELP_HEADER_SUBTITLE": "Selecione o molho que você quer preparar",
		"WELCOME_MESSAGE": "Boas vindas ao {}. Você pode me perguntar algo como, qual a receita para o molho {}? ... Então, qual molho você quer preparar?",
		"WELCOME_REPROMPT": "Para instruções sobre o que dizer, por favor diga ajuda. Qual molho você gostaria de preparar?",
		"DISPLAY_CARD_TITLE": "{}  - Receita para {}",
		"HELP_MESSAGE": "Você pode fazer perguntas do tipo, qual a receita para {}, ou você pode dizer sair ... Então, qual molho você quer preparar?",
		"HELP_REPROMPT": "Você pode dizer coisas como, qual a receita para {}, ou você pode dizer sair ... Então, qual molho você quer preparar?",
		"STOP_MESSAGE": "Tchau!",
		"RECIPE_REPEAT_MESSAGE": "Tente dizer repita.",
		"RECIPE_NOT_FOUND_WITH_ITEM_NAME": "Sinto muito, mas no momento não sei a receita para {}. Qual outro molho você gostaria de preparar?",
		"RECIPE_NOT_FOUND_WITHOUT_ITEM_NAME": "Sinto muito, mas no momento não sei a receita para {}. Qual outro molho você gostaria de preparar?",
		"RECIPE_NOT_FOUND_REPROMPT": "Qual molho você gostaria de preparar?",
		"ERROR_MESSAGE": "Desculpe, eu não entendi. Você pode reformular, por favor?",
		"HINT_TEMPLATE": "Como eu faço o molho {}?"
	},
	"hi": {
		"SKILL_NAME": "सॉस बॉस",
		"HEADER_TITLE": "{} में आपका स्वागत हैं",
		"RECIPE_HEADER_TITLE": "{} बनाने की प्रक्रिया",
		"HELP_HEADER_TITLE": "मदद",
		"HELP_HEADER_SUBTITLE": "सॉस को सेलेक्ट करे",
		"WELCOME_MESSAGE": "{} में आपका स्वागत हैं. आप मुझसे {} की रेसिपी पूछ सकते हैं. अब आप कौनसा सॉस बनाना चाहेंगे?",
		"WELCOME_REPROMPT": "मदद के लिए आप कह सकते हैं मेरी मदद करो. आप कौनसा सॉस बनाना चाहेंगे?",
		"DISPLAY_CARD_TITLE": "{}  - {} की रेसिपी",
		"HELP_MESSAGE": "आप मुझसे {} की रेसिपी पूछ सकते हैं या फिर रोको बोल सकते हैं. आप कौनसा सॉस बनाना चाहेंगे?",
		"HELP_REPROMPT": "आप मुझसे {} की रेसिपी पूछ सकते हैं या फिर रोको बोल सकते हैं. अब आप कौनसा सॉस बनाना चाहेंगे?",
		"STOP_MESSAGE": "अलविदा",
		"RECIPE_REPEAT_MESSAGE": "कृपया रिपीट कहे",
		"RECIPE_NOT_FOUND_WITH_ITEM_NAME": "माफ़ कीजिए, मुझे फ़िलहाल वो रेसिपी के बारे मैं पता नहीं हैं. आप कौनसा सॉस बनाना चाहेंगे?",
		"RECIPE_NOT_FOUND_WITHOUT_ITEM_NAME": "माफ़ कीजिए, मुझे फ़िलहाल वो रेसिपी के बारे मैं पता नहीं हैं. आप कौनसा सॉस बनाना चाहेंगे?",
		"RECIPE_NOT_FOUND_REPROMPT": "आप कौनसा सॉस बनाना चाहेंगे?",
		"ERROR_MESSAGE": "क्षमा कीजिए, मैं समज नहीं पायी. क्या आप दोहरा सकते हैं ?",
		"HINT_TEMPLATE": "{} सॉस कैसे बनाते हैं?"
	},
	"es": {
		"SKILL_NAME": "Rey de la Salsa",
		"HEADER_TITLE": "Bienvenidos al {}",
		"RECIPE_HEADER_TITLE": "COMO HACER SALSA {}",
		"HELP_HEADER_TITLE": "AYUDA",
		"HELP_HEADER_SUBTITLE": "Selecciona la salsa que quieres cocinar",
		"WELCOME_MESSAGE": "Bienvenidos al {}. Puedes hacerme una pregunta como, 'Cuál es la receta de la salsa {}?' ... Bien, qué salsa quieres cocinar?",
		"WELCOME_REPROMPT": "Si necesitas entender qué puedes hacer con la skill, di ayuda.  Qué salsa quieres cocinar?",
		"DISPLAY_CARD_TITLE": "{}  - Receta de {}",
		"HELP_MESSAGE": "Puedes preguntar cosas como, 'cuál es la receta de la salsa {}?', o, puedes decir salir ... Qué salsa quieres cocinar?",
		"HELP_REPROMPT": "Puedes decirme cosas como por ejemplo, 'cuál es la receta de la salsa {}?', o, puedes decir salir ... Qué salsa quieres cocinar?",
		"STOP_MESSAGE": "Hasta luego!",
		"RECIPE_REPEAT_MESSAGE": "Intenta decir Repite.",
		"RECIPE_NOT_FOUND_WITH_ITEM_NAME": "Lo siento, ahora mismo no conozco la receta de {}. Qué salsa quieres cocinar?",
		"RECIPE_NOT_FOUND_WITHOUT_ITEM_NAME": "Lo siento, aun no conozco esa receta. Qué salsa quieres cocinar?",
		"RECIPE_NOT_FOUND_REPROMPT": "Qué salsa quieres cocinar?",
		"ERROR_MESSAGE": "No se que ha pasado. Por favor inténtalo otra vez.",
		"HINT_TEMPLATE": "Cómo puedo elaborar salsa {}?"
	},
	"ja-JP": {
		"SKILL_NAME": "ソースボス",
		"HEADER_TITLE": "ようこそ{}へ",
		"RECIPE_HEADER_TITLE": "{}ソースの作り方",
		"HELP_HEADER_TITLE": "ヘルプ",
		"HELP_HEADER_SUBTITLE": "作りたいソースを選んでください。",
		"WELCOME_MESSAGE": "{}へようこそ。「{}の作り方を教えて。」のように聞くことができます。きょうはどんなソースを作りたいですか？",
		"WELCOME_REPROMPT": "使い方を知りたい場合は、「ヘルプ」と言ってください。きょうはどんなソースを作りたいですか？",
		"DISPLAY_CARD_TITLE": "{}  - {}のレシピ",
		"HELP_MESSAGE": "「{}の作り方を教えて。」のように聞くことができます。終わりたい場合は「終了。」と言ってください。きょうはどんなソースを作りたいですか？",
		"HELP_REPROMPT": "「{}の作り方を教えて。」のように聞くことができます。終わりたい場合は「終了。」と言ってください。きょうはどんなソースを作りたいですか？",
		"STOP_MESSAGE": "さようなら!",
		"RECIPE_REPEAT_MESSAGE": "リピートと言ってみて。",
		"RECIPE_NOT_FOUND_WITH_ITEM_NAME": "ごめんなさい。{}ソースの作り方は知りません。他にどんなソースを作りたいですか？",
		"RECIPE_NOT_FOUND_WITHOUT_ITEM_NAME": "ごめんなさい。そのソースの作り方は知りません。他にどんなソースを作りたいですか？",
		"RECIPE_NOT_FOUND_REPROMPT": "他にどんなソースを作りたいですか？",
		"ERROR_MESSAGE": "すみません。うまく理解できませんでした。もう一度言ってみてください。",
		"HINT_TEMPLATE": "{}ソースの作り方を教えて？"
	},
	"de": {
		"SKILL_NAME": "Saucen Boss",
		"HEADER_TITLE": "Wilkommen bei {}",
		"RECIPE_HEADER_TITLE": "{} SAUCE ZUBEREITEN",
		"HELP_HEADER_TITLE": "HILFE",
		"HELP_HEADER_SUBTITLE": "Wähle Deine gewünschte Sauce",
		"WELCOME_MESSAGE": "Willkommen bei {}. Du kannst mich zum Beispiel fragen, wie macht man eine {} Sauce? ... Welche Sauce würdest Du jetzt gerne zubereiten?",
		"WELCOME_REPROMPT": "Um zu hören was Du sagen kannst, sag einfach Hilfe.  Welche Sauce möchstest Du nun zubereiten?",
		"DISPLAY_CARD_TITLE": "{}  - Rezept für {} Sauce",
		"HELP_MESSAGE": "Du kannst zum Beispiel fragen, wie bereitet man eine {} Sauce zu. Oder Du kannst Stop sagen, um diesen  Skill zu beenden... Also, welche Sauce möchtest Du zubereiten?",
		"HELP_REPROMPT": "Du kannst zum Beispiel sagen, wie geht eine {} Sauce, oder Stop, um den Skill zu beenden. Also, welche Sauce darf es sein?",
		"STOP_MESSAGE": "Machs gut!",
		"RECIPE_REPEAT_MESSAGE": "Versuch doch mal zu sagen, wiederholen.",
		"RECIPE_NOT_FOUND_WITH_ITEM_NAME": "Aktuell kenne ich noch kein Rezept für {} Sauce. Welche andere Sauce darf es sein?",
		"RECIPE_NOT_FOUND_WITHOUT_ITEM_NAME": "Dieses Rezept kenne ich leider noch nicht. Welche andere Sauce darf es sein?",
		"RECIPE_NOT_FOUND_REPROMPT": "Welche andere Sauce möchtest Du zubereiten?",
		"ERROR_MESSAGE": "Das habe ich leider nicht verstanden. Kannst Du das bitte nochmal anders formulieren?",
		"HINT_TEMPLATE": "Wie ist das Rezept für {} Sauce?"
	}
}
