{
        "type": "APL",
        "version": "1.0",
        "theme": "dark",
        "import": [
            {
                "name": "alexa-layouts",
                "version": "1.0.0"
            }
        ],
        "resources": [
            {
                "description": "All page resources",
                "strings": {
                    "pagesBackground": "https://d2o906d8ln7ui1.cloudfront.net/images/BT7_Background.png",
                    "pagesLogo": "",
                    "pagesHint": ""
                }
            },
            {
                "description": "Page1 resources",
                "strings": {
                    "page1Title": "",
                    "page1Image": ""
                }
            },
            {
                "description": "Page2 resources",
                "strings": {
                    "page2Title": "",
                    "page2Text": ""
                }
            },
            {
                "description": "Page3 resources",
                "strings": {
                    "page3Title": "",
                    "page3Image": ""
                }
            },
            {
                "description": "Stock color for the light theme",
                "colors": {
                    "colorTextPrimary": "#151920"
                }
            },
            {
                "description": "Stock color for the dark theme",
                "when": "${viewport.theme == 'dark'}",
                "colors": {
                    "colorTextPrimary": "#f0f1ef"
                }
            },
            {
                "description": "Standard font sizes",
                "dimensions": {
                    "textSizeBody": 48,
                    "textSizePrimary": 27,
                    "textSizeSecondary": 23,
                    "textSizeSecondaryHint": 25
                }
            },
            {
                "description": "Common spacing values",
                "dimensions": {
                    "spacingThin": 6,
                    "spacingSmall": 12,
                    "spacingMedium": 24,
                    "spacingLarge": 48,
                    "spacingExtraLarge": 72
                }
            },
            {
                "description": "Common margins and padding",
                "dimensions": {
                    "marginTop": 40,
                    "marginLeft": 60,
                    "marginRight": 60,
                    "marginBottom": 40
                }
            }
        ],
        "styles": {
            "textStyleBase": {
                "description": "Base font description; set color and core font family",
                "values": [
                    {
                        "color": "@colorTextPrimary",
                        "fontFamily": "Amazon Ember"
                    }
                ]
            },
            "textStyleBase0": {
                "description": "Thin version of basic font",
                "extend": "textStyleBase",
                "values": {
                    "fontWeight": "100"
                }
            },
            "textStyleBase1": {
                "description": "Light version of basic font",
                "extend": "textStyleBase",
                "values": {
                    "fontWeight": "300"
                }
            },
            "mixinBody": {
                "values": {
                    "fontSize": "@textSizeBody"
                }
            },
            "mixinPrimary": {
                "values": {
                    "fontSize": "@textSizePrimary"
                }
            },
            "mixinSecondary": {
                "values": {
                    "fontSize": "@textSizeSecondary"
                }
            },
            "textStylePrimary": {
                "extend": [
                    "textStyleBase1",
                    "mixinPrimary"
                ]
            },
            "textStyleSecondary": {
                "extend": [
                    "textStyleBase0",
                    "mixinSecondary"
                ]
            },
            "textStyleBody": {
                "extend": [
                    "textStyleBase1",
                    "mixinBody"
                ]
            },
            "textStyleSecondaryHint": {
                "values": {
                    "fontFamily": "Bookerly",
                    "fontStyle": "italic",
                    "fontSize": "@textSizeSecondaryHint",
                    "color": "@colorTextPrimary"
                }
            }
        },
        "layouts": {
            "Page1": {
                "parameters": [
                    {
                        "name": "hint",
                        "type": "string"
                    }
                ],
                "items": [
                    {
                        "when": "${viewport.shape == 'round'}",
                        "type": "Container",
                        "direction": "column",
                        "width": "100vw",
                        "height": "100vh",
                        "items": [
                            {
                                "type": "Image",
                                "width": "100vw",
                                "height": "100vh",
                                "source": "https://mesquite.s3-us-west-2.amazonaws.com/TREE.jpg",
                                "scale": "best-fill",
                                "position": "absolute"
                            },
                            {
                                "type": "AlexaHeader"
                            },
                            {
                                "type": "Container",
                                "width": "100vw",
                                "height": "100vh",
                                "paddingLeft": "@marginLeft",
                                "paddingRight": "@marginRight",
                                "paddingBottom": 200,
                                "alignItems": "center",
                                "justifyContent": "center",
                                "items": [
                                    {
                                        "type": "Image",
                                        "width": "100vw",
                                        "height": "100vh",
                                        "source": "https://mesquite.s3-us-west-2.amazonaws.com/TREE.jpg",
                                        "scale": "best-fit",
                                        "align": "center"
                                    }
                                ]
                            }
                        ]
                    },
                    {
                        "type": "Container",
                        "width": "100vw",
                        "height": "100vh",
                        "items": [
                            {
                                "type": "Image",
                                "width": "100vw",
                                "height": "100vh",
                                "source": "https://mesquite.s3-us-west-2.amazonaws.com/TREE.jpg",
                                "scale": "best-fill",
                                "position": "absolute"
                            },
                            {
                                "type": "AlexaHeader"
                            },
                            {
                                "type": "Container",
                                "direction": "row",
                                "justifyContent": "center",
                                "items": [
                                    {
                                        "type": "Image",
                                        "width": "50vw",
                                        "height": "50vh",
                                        "scale": "best-fit",
                                        "align": "center"
                                    }
                                ]
                            },
                            {
                                "type": "AlexaFooter",
                                "footerHint": "${hint}"
                            }
                        ]
                    }
                ]
            },
            "Page2": {
                "parameters": [
                    {
                        "name": "hint",
                        "type": "string"
                    }
                ],
                "items": [
                    {
                        "when": "${viewport.shape == 'round'}",
                        "type": "Container",
                        "direction": "column",
                        "paddingLeft": 50,
                        "paddingRight": 30,
                        "width": "100vw",
                        "height": "100vh",
                        "items": [
                            {
                                "type": "Image",
                                "source": "@pagesBackground",
                                "position": "absolute",
                                "width": "100vw",
                                "height": "100vh",
                                "scale": "best-fill"
                            },
                            {
                                "type": "AlexaHeader",
                                "headerTitle": "@page2Title",
                                "headerAttributionImage": "@pagesLogo"
                            },
                            {
                                "type": "Text",
                                "text": "@page2Text",
                                "style": "textStyleBody"
                            }
                        ]
                    },
                    {
                        "type": "Container",
                        "width": "100vw",
                        "height": "100vh",
                        "items": [
                            {
                                "type": "Image",
                                "width": "100vw",
                                "height": "100vh",
                                "source": "https://mesquite.s3-us-west-2.amazonaws.com/SAP.jpg",
                                "scale": "best-fill",
                                "position": "absolute"
                            },
                            {
                                "type": "AlexaHeader"
                            },
                            {
                                "type": "Container",
                                "height": "60vh",
                                "width": "100vw",
                                "paddingLeft": "@marginLeft",
                                "paddingRight": "@marginRight",
                                "paddingBottom": "@marginBottom",
                                "items": []
                            },
                            {
                                "type": "AlexaFooter",
                                "footerHint": "${hint}"
                            }
                        ]
                    }
                ]
            },
            "Page3": {
                "parameters": [
                    {
                        "name": "hint",
                        "type": "string"
                    }
                ],
                "items": [
                    {
                        "type": "Container",
                        "items": [
                            {
                                "type": "Image",
                                "width": "1024dp",
                                "height": "600dp",
                                "source": "https://mesquite.s3-us-west-2.amazonaws.com/PODS.jpg",
                                "scale": "best-fill",
                                "position": "absolute"
                            },
                            {
                                "type": "AlexaHeader"
                            },
                            {
                                "type": "Container",
                                "grow": 1,
                                "justifyContent": "${viewport.shape == 'round' ? 'center' : 'end'}",
                                "items": []
                            },
                            {
                                "type": "AlexaFooter",
                                "footerHint": "${hint}"
                            }
                        ]
                    }
                ]
            },
            "MyPager": {
                "parameters": [
                    {
                        "name": "hint",
                        "type": "string"
                    }
                ],
                "items": [
                    {
                        "type": "Pager",
                        "id": "pagerComponentId",
                        "width": "100vw",
                        "height": "100vh",
                        "items": [
                            {
                                "type": "Page1",
                                "hint": "${hint}"
                            },
                            {
                                "type": "Page2",
                                "hint": "${hint}"
                            },
                            {
                                "type": "Page3",
                                "hint": "${hint}"
                            },
                            {
                                "type": "Page4"
                            },
                            {
                                "type": "Page5"
                            },
                            {
                                "type": "Page6"
                            }
                        ]
                    }
                ]
            },
            "Page4": {
                "items": [
                    {
                        "type": "Container",
                        "items": [
                            {
                                "type": "Image",
                                "width": "100vw",
                                "height": "100vh",
                                "source": "https://mesquite.s3-us-west-2.amazonaws.com/OPEN-PODS.jpg"
                            }
                        ]
                    }
                ]
            },
            "Page5": {
                "items": [
                    {
                        "type": "Container",
                        "items": [
                            {
                                "type": "Image",
                                "width": "100vw",
                                "height": "100vh",
                                "source": "https://mesquite.s3-us-west-2.amazonaws.com/GROUND+PODS.jpg"
                            }
                        ]
                    }
                ]
            },
            "Page6": {
                "items": [
                    {
                        "type": "Container",
                        "items": [
                            {
                                "type": "Image",
                                "width": "100vw",
                                "height": "100vh",
                                "source": "https://mesquite.s3-us-west-2.amazonaws.com/BRANCH-LEAFS.jpg"
                            }
                        ]
                    }
                ]
            }
        },
        "mainTemplate": {
            "parameters": [
                "payload"
            ],
            "items": [
                {
                    "type": "MyPager",
                    "hint": "${payload.pagerTemplateData.properties.hintString}"
                }
            ]
        }
    }