{
  "manifest": {
    "apis": {
      "custom": {
        "endpoint": {
          "uri": "arn:aws:lambda:us-east-1:388149017353:function:f56bd56f-46ca-4adf-9ec5-c0296704a05c:Release_0"
        },
        "interfaces": [
          {
            "supportedViewports": [
              {
                "maxHeight": 480,
                "maxWidth": 480,
                "minHeight": 480,
                "minWidth": 480,
                "mode": "HUB",
                "shape": "ROUND"
              },
              {
                "maxHeight": 600,
                "maxWidth": 1024,
                "minHeight": 600,
                "minWidth": 1024,
                "mode": "HUB",
                "shape": "RECTANGLE"
              },
              {
                "maxHeight": 800,
                "maxWidth": 1280,
                "minHeight": 800,
                "minWidth": 1280,
                "mode": "HUB",
                "shape": "RECTANGLE"
              },
              {
                "maxHeight": 540,
                "maxWidth": 960,
                "minHeight": 540,
                "minWidth": 960,
                "mode": "TV",
                "shape": "RECTANGLE"
              },
              {
                "maxHeight": 480,
                "maxWidth": 960,
                "minHeight": 480,
                "minWidth": 960,
                "mode": "HUB",
                "shape": "RECTANGLE"
              }
            ],
            "type": "ALEXA_PRESENTATION_APL"
          }
        ]
      }
    },
    "manifestVersion": "1.0",
    "publishingInformation": {
      "category": "EDUCATION_AND_REFERENCE",
      "distributionCountries": [],
      "isAvailableWorldwide": true,
      "locales": {
        "en-US": {
          "description": "Got a passion for unique and interesting sauces? Do you buy scrumptious, rare condiments only to have them expire before use? Running out of space in your fridge? Facing judgement from friends or family for lackluster cooking skill?!? Have no fear, Sauce Boss is here! Sauce Boss will help you make all sorts of fascinating sauces from basic condiments and spices that you keep around your kitchen. Just ask Sauce Boss for a sauce you want to whip up and you\u0027ll receive a simple, easy-to-follow recipe to jazz up any dish you make, wow your folks, please your appetite and save space in your fridge. YUM!!!!",
          "examplePhrases": [
            "Alexa open Sauce Boss",
            "Alexa ask Sauce Boss what\u0027s the recipe for barbecue sauce",
            "Alexa ask Sauce Boss how do I make barbecue sauce"
          ],
          "keywords": [
            "sauce",
            "recipe",
            "kitchen",
            "cooking",
            "food",
            "how to"
          ],
          "name": "mesquite",
          "summary": "Sauce Boss will help you make all sorts of unique sauces from basic condiments and spices you keep in your kitchen."
        }
      },
      "testingInstructions": "Sample Testing Instructions."
    }
  }
}